assignment_id,worker_id,task_id,skill_mismatch,actual_risk
A000001,W00103,T0005,37.28625019106538,High
A000002,W00436,T0157,5.279144918763173,High
A000003,W00349,T0047,8.99491664395292,Low
A000004,W00271,T0068,40.795826023760114,Medium
A000005,W00107,T0076,56.571550998664,Medium
A000006,W00072,T0173,36.50655878228431,Medium
A000007,W00189,T0130,16.649816689663446,Low
A000008,W00021,T0155,53.20336893209874,Medium
A000009,W00103,T0095,7.286250191065378,Medium
A000010,W00122,T0115,1.7143343802481752,Low
A000011,W00467,T0164,25.934852451949254,Low
A000012,W00215,T0036,57.143849642499184,High
A000013,W00331,T0026,21.745774421198988,High
A000014,W00459,T0043,52.511741673828276,Medium
A000015,W00088,T0027,50.46853989956866,High
A000016,W00373,T0069,11.338746831945706,High
A000017,W00100,T0148,8.517707354265063,High
A000018,W00360,T0011,47.901041334947685,Low
A000019,W00152,T0074,15.104334085714733,Medium
A000020,W00131,T0104,60.16004598142295,Medium
A000021,W00150,T0038,19.750192169230566,Medium
A000022,W00309,T0134,6.241168125830967,High
A000023,W00258,T0200,8.411233274773664,Medium
A000024,W00344,T0023,9.139588664124354,Medium
A000025,W00492,T0047,20.230606438894757,Low
A000026,W00414,T0090,16.208557851474993,Medium
A000027,W00294,T0046,1.3857582176133576,High
A000028,W00386,T0107,46.4894471131677,Medium
A000029,W00192,T0140,66.48429396911467,High
A000030,W00444,T0141,18.585074941145585,Medium
A000031,W00277,T0104,95.0,Medium
A000032,W00161,T0190,2.2759312276583543,Medium
A000033,W00460,T0111,4.532094400014941,Medium
A000034,W00314,T0104,28.01618039653387,Low
A000035,W00022,T0060,47.80231658403731,High
A000036,W00253,T0171,31.842860520477714,High
A000037,W00236,T0100,32.18377506306727,Low
A000038,W00345,T0068,1.276680578430799,Medium
A000039,W00049,T0133,8.936268793195573,Low
A000040,W00475,T0120,1.872840704206098,High
A000041,W00059,T0037,44.09973375775929,Low
A000042,W00170,T0072,61.87063025586522,Medium
A000043,W00476,T0127,10.295701045641472,High
A000044,W00188,T0106,65.28562893525294,Low
A000045,W00464,T0092,0.11488085707213713,Low
A000046,W00271,T0031,19.204173976239886,Low
A000047,W00190,T0122,68.90264062322022,High
A000048,W00446,T0137,93.66543961755303,High
A000049,W00175,T0051,63.06640111668792,Medium
A000050,W00446,T0029,93.66543961755303,High
A000051,W00051,T0040,9.467950725073937,Medium
A000052,W00364,T0041,69.32280698258356,High
A000053,W00055,T0011,69.9038024489778,Medium
A000054,W00244,T0151,34.02097476258264,High
A000055,W00320,T0001,58.088687856750035,Low
A000056,W00131,T0046,30.160045981422947,High
A000057,W00485,T0101,85.31241143384665,High
A000058,W00307,T0149,20.522673995512548,Medium
A000059,W00135,T0090,18.87768993433683,Medium
A000060,W00021,T0110,53.20336893209874,High
A000061,W00329,T0164,19.55685420193216,Low
A000062,W00167,T0182,6.704229116231559,Medium
A000063,W00274,T0057,32.267802594163385,High
A000064,W00388,T0001,48.50239573030021,Low
A000065,W00089,T0063,13.6331374798702,High
A000066,W00316,T0182,9.976979274434285,Medium
A000067,W00014,T0055,4.043410394609488,Medium
A000068,W00242,T0115,31.169613260968916,Low
A000069,W00265,T0168,24.842650305161612,Low
A000070,W00346,T0143,52.901030476677285,High
A000071,W00053,T0149,4.669144330712086,Medium
A000072,W00386,T0175,13.5105528868323,Low
A000073,W00340,T0053,38.718711039785326,High
A000074,W00092,T0137,74.66961390544847,Medium
A000075,W00367,T0180,33.5085907198598,Low
A000076,W00444,T0057,18.585074941145585,High
A000077,W00455,T0117,65.02898568921877,Low
A000078,W00428,T0154,0.43387154643802717,High
A000079,W00264,T0169,60.342804244364714,Medium
A000080,W00431,T0035,9.80911594674565,Medium
A000081,W00035,T0063,0.4575890154582112,High
A000082,W00206,T0025,14.999764709987332,Medium
A000083,W00081,T0090,37.47880642924608,Medium
A000084,W00420,T0075,3.9780901568388174,High
A000085,W00050,T0038,19.283444753262103,High
A000086,W00360,T0130,12.098958665052315,Low
A000087,W00388,T0135,48.50239573030021,Low
A000088,W00002,T0162,80.20296690047228,High
A000089,W00390,T0091,32.29056022287752,High
A000090,W00054,T0017,10.917969018913546,Medium
A000091,W00106,T0128,48.22038708166944,Low
A000092,W00260,T0171,43.6422386031336,High
A000093,W00310,T0187,17.618726461016173,High
A000094,W00477,T0108,24.229692265664553,Medium
A000095,W00191,T0179,70.34226909687834,Low
A000096,W00402,T0182,36.21165013272128,Medium
A000097,W00218,T0152,32.78300348316394,Low
A000098,W00044,T0025,1.7204652380373915,Medium
A000099,W00162,T0199,0.6762652770152826,High
A000100,W00202,T0180,21.86228513918146,Low
A000101,W00446,T0198,33.66543961755303,Low
A000102,W00484,T0088,59.22789817662081,Medium
A000103,W00270,T0161,9.208406466450079,Low
A000104,W00351,T0177,11.770262307553423,Medium
A000105,W00304,T0029,53.90169554355819,Medium
A000106,W00271,T0063,40.795826023760114,High
A000107,W00456,T0150,51.51422274076982,Medium
A000108,W00462,T0154,0.5153810654369124,High
A000109,W00215,T0156,2.856150357500816,Medium
A000110,W00252,T0114,3.4754994905854772,Low
A000111,W00190,T0049,68.90264062322022,Medium
A000112,W00296,T0199,4.701009758709866,High
A000113,W00213,T0081,26.503235591138377,Medium
A000114,W00208,T0084,46.15292866549483,High
A000115,W00237,T0105,73.30662727970571,Low
A000116,W00338,T0177,10.605493967383111,Medium
A000117,W00367,T0148,3.5085907198597965,High
A000118,W00053,T0118,55.330855669287914,Medium
A000119,W00280,T0086,11.879558085578573,High
A000120,W00410,T0063,28.37665975019418,High
A000121,W00217,T0189,58.45869579718754,Medium
A000122,W00252,T0104,63.47549949058548,Medium
A000123,W00188,T0049,65.28562893525294,Low
A000124,W00380,T0071,40.15178176006046,Medium
A000125,W00493,T0001,72.95018334625522,Low
A000126,W00041,T0141,13.08549171442391,Medium
A000127,W00157,T0179,65.03561997529815,Medium
A000128,W00015,T0123,46.7832642124594,Medium
A000129,W00301,T0184,74.19660412153502,Low
A000130,W00065,T0062,39.02574114498934,Medium
A000131,W00345,T0032,31.2766805784308,Low
A000132,W00327,T0158,5.676582634136288,Medium
A000133,W00009,T0029,76.79304659728771,High
A000134,W00344,T0049,69.13958866412435,Medium
A000135,W00129,T0173,30.89390726530476,Low
A000136,W00492,T0030,20.230606438894757,Medium
A000137,W00136,T0144,68.51188314633781,Low
A000138,W00472,T0168,8.256514498840978,Low
A000139,W00063,T0019,33.300935912229754,High
A000140,W00139,T0018,44.50183791677877,Medium
A000141,W00499,T0001,40.67018011670635,Medium
A000142,W00081,T0078,37.47880642924608,Low
A000143,W00392,T0115,0.38359091055862393,Low
A000144,W00163,T0175,6.353102897639683,Low
A000145,W00419,T0194,1.1718472172711927,Medium
A000146,W00289,T0113,48.44571122271235,Medium
A000147,W00379,T0114,2.808035175190817,Low
A000148,W00261,T0166,16.15183522909213,Medium
A000149,W00490,T0179,45.85508709182625,Low
A000150,W00231,T0063,18.640943410157703,High
A000151,W00041,T0132,46.91450828557609,High
A000152,W00028,T0129,1.1340258657320632,Medium
A000153,W00135,T0008,48.87768993433683,Low
A000154,W00201,T0157,19.130390433140327,High
A000155,W00328,T0055,15.40995618889098,Medium
A000156,W00268,T0103,32.67763940791431,High
A000157,W00418,T0131,56.899906327883684,Medium
A000158,W00033,T0032,17.691285625537212,Low
A000159,W00048,T0010,25.093853542793738,High
A000160,W00407,T0110,53.269685116347745,High
A000161,W00062,T0162,66.92540508772422,High
A000162,W00216,T0124,12.5663941261938,High
A000163,W00293,T0087,45.62955656350097,Low
A000164,W00099,T0055,2.6809530446338243,Medium
A000165,W00172,T0032,21.317672035280225,Low
A000166,W00360,T0178,47.901041334947685,High
A000167,W00214,T0135,63.83643545112599,Medium
A000168,W00475,T0093,31.872840704206098,High
A000169,W00035,T0008,60.45758901545821,Medium
A000170,W00449,T0065,23.927162983132426,Low
A000171,W00227,T0057,18.97367003658458,High
A000172,W00101,T0067,48.38036380233715,Medium
A000173,W00431,T0187,9.80911594674565,High
A000174,W00462,T0072,29.484618934563088,Medium
A000175,W00131,T0054,0.16004598142294668,High
A000176,W00257,T0067,53.55125196339709,High
A000177,W00005,T0051,71.71112359897396,High
A000178,W00218,T0097,62.78300348316394,High
A000179,W00255,T0092,15.572406899938272,Low
A000180,W00398,T0008,40.83644639242108,Low
A000181,W00359,T0162,26.513327780478846,High
A000182,W00283,T0035,4.457500848569566,Medium
A000183,W00393,T0096,11.58063232812384,High
A000184,W00207,T0088,44.46374776389976,Medium
A000185,W00015,T0078,46.7832642124594,Medium
A000186,W00346,T0032,52.901030476677285,Medium
A000187,W00042,T0120,65.0,High
A000188,W00380,T0046,40.15178176006046,High
A000189,W00461,T0144,23.274256884204377,Low
A000190,W00179,T0196,44.060000439489514,Medium
A000191,W00063,T0165,3.300935912229754,High
A000192,W00352,T0182,1.9546291376335887,Medium
A000193,W00231,T0142,11.359056589842297,Low
A000194,W00241,T0055,7.405591898508007,Medium
A000195,W00052,T0176,74.12093811049728,Medium
A000196,W00096,T0007,50.803345998012595,High
A000197,W00388,T0074,11.497604269699792,Medium
A000198,W00222,T0007,44.70371313215728,High
A000199,W00485,T0161,25.312411433846655,Medium
A000200,W00407,T0151,23.269685116347745,Medium
A000201,W00231,T0085,41.3590565898423,High
A000202,W00237,T0147,73.30662727970571,Low
A000203,W00143,T0112,5.695554676589516,High
A000204,W00171,T0125,17.698619479923693,High
A000205,W00029,T0147,55.02881064227769,Low
A000206,W00036,T0036,55.902598831339006,High
A000207,W00013,T0029,83.52501595700312,High
A000208,W00160,T0188,83.49569033378079,High
A000209,W00327,T0082,54.32341736586371,Medium
A000210,W00187,T0002,69.3387465839615,High
A000211,W00243,T0129,4.607542523603428,Medium
A000212,W00086,T0047,26.724233172589887,Low
A000213,W00284,T0197,58.53932995688843,High
A000214,W00066,T0148,20.647955537342895,High
A000215,W00170,T0011,61.87063025586522,Low
A000216,W00045,T0130,5.004241035748194,Low
A000217,W00062,T0195,6.9254050877242115,Medium
A000218,W00441,T0119,17.487970686057395,High
A000219,W00134,T0140,84.47266344568195,High
A000220,W00284,T0020,1.4606700431115698,Medium
A000221,W00028,T0005,28.865974134267937,High
A000222,W00108,T0037,40.333605544131075,Low
A000223,W00044,T0166,28.27953476196261,Medium
A000224,W00340,T0137,68.71871103978532,Medium
A000225,W00286,T0053,36.98292142226273,High
A000226,W00446,T0172,63.66543961755303,High
A000227,W00331,T0099,8.254225578801012,Medium
A000228,W00128,T0086,20.4955927934896,High
A000229,W00348,T0108,10.426724202216256,Medium
A000230,W00473,T0024,29.225332996412433,High
A000231,W00231,T0081,11.359056589842297,Medium
A000232,W00190,T0158,8.902640623220222,Medium
A000233,W00225,T0120,33.169478284985814,High
A000234,W00385,T0059,52.66004546209417,High
A000235,W00377,T0128,35.94697570373607,Medium
A000236,W00283,T0114,4.457500848569566,Low
A000237,W00446,T0115,33.66543961755303,Low
A000238,W00121,T0014,48.44355946936955,Medium
A000239,W00116,T0009,1.8902892854794189,Low
A000240,W00461,T0040,36.72574311579562,Medium
A000241,W00233,T0194,36.17435258129565,Medium
A000242,W00259,T0025,31.0894623436619,Medium
A000243,W00359,T0103,3.4866722195211537,High
A000244,W00198,T0022,35.42640658982869,High
A000245,W00456,T0004,21.514222740769817,High
A000246,W00411,T0154,36.07560198737214,High
A000247,W00137,T0186,9.101846486315473,Medium
A000248,W00318,T0029,59.74010022895334,Medium
A000249,W00165,T0109,7.19596156306838,Low
A000250,W00225,T0098,33.169478284985814,Low
A000251,W00307,T0037,9.477326004487452,Low
A000252,W00234,T0075,2.062979442583405,High
A000253,W00172,T0070,21.317672035280225,Low
A000254,W00152,T0146,15.104334085714733,Medium
A000255,W00463,T0128,36.49552463366892,Low
A000256,W00315,T0085,61.11607863333508,High
A000257,W00374,T0042,58.846768138771345,High
A000258,W00160,T0100,83.49569033378079,Medium
A000259,W00096,T0041,50.803345998012595,High
A000260,W00472,T0166,38.25651449884098,Medium
A000261,W00233,T0034,6.174352581295654,High
A000262,W00180,T0017,33.486256891030415,Medium
A000263,W00113,T0165,16.573107545999946,High
A000264,W00318,T0153,29.740100228953338,Medium
A000265,W00497,T0122,71.10473360551075,High
A000266,W00442,T0076,53.336879870748696,Medium
A000267,W00052,T0087,74.12093811049728,Medium
A000268,W00268,T0117,62.67763940791431,Medium
A000269,W00295,T0106,72.87874780550831,Medium
A000270,W00386,T0086,13.5105528868323,High
A000271,W00387,T0027,49.864059367585725,High
A000272,W00113,T0057,16.573107545999946,High
A000273,W00101,T0031,48.38036380233715,Low
A000274,W00113,T0134,16.573107545999946,High
A000275,W00440,T0168,41.00107935895235,Low
A000276,W00081,T0098,37.47880642924608,Low
A000277,W00187,T0012,9.338746583961502,High
A000278,W00113,T0053,13.426892454000054,High
A000279,W00002,T0199,20.20296690047228,High
A000280,W00130,T0138,48.14773122063054,Medium
A000281,W00220,T0173,47.910840602438924,Medium
A000282,W00054,T0145,10.917969018913546,Medium
A000283,W00343,T0154,31.358620295050358,High
A000284,W00485,T0190,25.312411433846655,High
A000285,W00224,T0122,53.5202026323264,Medium
A000286,W00225,T0046,33.169478284985814,High
A000287,W00385,T0064,22.660045462094168,Medium
A000288,W00403,T0130,24.090183116172618,Low
A000289,W00126,T0054,23.151732994239637,High
A000290,W00130,T0107,78.14773122063053,High
A000291,W00053,T0193,4.669144330712086,Medium
A000292,W00172,T0051,51.317672035280225,High
A000293,W00218,T0181,2.783003483163938,High
A000294,W00160,T0036,83.49569033378079,High
A000295,W00198,T0115,35.42640658982869,Low
A000296,W00416,T0026,40.2020262825586,High
A000297,W00247,T0029,77.0767994513631,High
A000298,W00324,T0149,13.750535997903775,Medium
A000299,W00439,T0011,38.813140112061035,Low
A000300,W00203,T0040,6.651923347477414,Medium
A000301,W00184,T0011,27.063790375246313,Low
A000302,W00123,T0164,28.443330407619754,Low
A000303,W00401,T0113,38.82436665036131,High
A000304,W00255,T0187,45.57240689993827,High
A000305,W00294,T0039,28.614241782386642,High
A000306,W00280,T0054,11.879558085578573,High
A000307,W00325,T0098,4.025151990565263,Low
A000308,W00372,T0055,9.52738888978,Medium
A000309,W00098,T0111,4.127596767957769,Medium
A000310,W00198,T0152,5.426406589828687,Low
A000311,W00470,T0150,39.36646746420605,High
A000312,W00395,T0069,16.71564873599735,Medium
A000313,W00240,T0056,65.0,Medium
A000314,W00144,T0033,20.181029906069647,Low
A000315,W00097,T0036,30.400478710485473,High
A000316,W00201,T0148,19.130390433140327,High
A000317,W00124,T0081,6.5544772940301,Medium
A000318,W00187,T0190,9.338746583961502,High
A000319,W00326,T0109,22.98158448133574,Low
A000320,W00464,T0154,0.11488085707213713,High
A000321,W00349,T0194,21.00508335604708,Medium
A000322,W00259,T0073,1.0894623436619,High
A000323,W00148,T0040,10.634432038373546,Medium
A000324,W00252,T0017,33.47549949058548,Medium
A000325,W00443,T0129,24.63276078371974,High
A000326,W00420,T0061,33.97809015683882,Low
A000327,W00403,T0171,54.09018311617262,High
A000328,W00346,T0104,82.90103047667728,Medium
A000329,W00451,T0042,41.77690313799294,Medium
A000330,W00147,T0025,15.839959358056241,Medium
A000331,W00148,T0039,10.634432038373546,High
A000332,W00352,T0035,28.04537086236641,Medium
A000333,W00199,T0131,42.95553539946995,Low
A000334,W00308,T0108,1.1154923670094945,Medium
A000335,W00489,T0172,6.558011654214511,High
A000336,W00417,T0179,30.89536876913182,Low
A000337,W00424,T0102,48.089846932663505,High
A000338,W00128,T0098,9.5044072065104,Low
A000339,W00039,T0012,17.837341634111013,High
A000340,W00338,T0019,10.605493967383111,High
A000341,W00360,T0101,47.901041334947685,Medium
A000342,W00129,T0044,60.89390726530476,Low
A000343,W00267,T0187,5.615807158053066,High
A000344,W00476,T0049,70.29570104564147,Low
A000345,W00441,T0189,47.487970686057395,Low
A000346,W00473,T0017,29.225332996412433,Medium
A000347,W00434,T0074,33.66282640223149,Medium
A000348,W00151,T0057,19.964069317533365,High
A000349,W00415,T0055,1.9497768344391204,Medium
A000350,W00478,T0047,2.3193228293652126,Low
A000351,W00298,T0012,22.89734008951759,High
A000352,W00099,T0062,57.319046955366176,High
A000353,W00263,T0080,23.544340304893545,High
A000354,W00252,T0083,63.47549949058548,High
A000355,W00144,T0008,80.18102990606965,Medium
A000356,W00346,T0149,22.901030476677285,Medium
A000357,W00112,T0081,17.313349785704332,Medium
A000358,W00500,T0118,83.2330174712477,Medium
A000359,W00060,T0198,3.722048954422057,Low
A000360,W00369,T0200,5.263205097040931,Medium
A000361,W00002,T0025,50.202966900472276,High
A000362,W00385,T0089,22.660045462094168,Medium
A000363,W00304,T0012,6.098304456441809,High
A000364,W00254,T0143,31.849114493608404,High
A000365,W00140,T0059,38.40191383016467,Medium
A000366,W00453,T0154,44.14269079386702,High
A000367,W00037,T0109,22.686865676304123,Low
A000368,W00160,T0026,53.495690333780786,High
A000369,W00009,T0047,16.79304659728771,Low
A000370,W00233,T0032,36.17435258129565,Low
A000371,W00099,T0010,57.319046955366176,High
A000372,W00147,T0016,45.83995935805624,High
A000373,W00304,T0199,6.098304456441809,High
A000374,W00208,T0145,16.152928665494827,Medium
A000375,W00131,T0151,30.160045981422947,High
A000376,W00404,T0026,33.30451913571329,High
A000377,W00152,T0086,15.104334085714733,High
A000378,W00054,T0135,40.917969018913546,Low
A000379,W00120,T0014,60.12590704380277,Low
A000380,W00161,T0079,2.2759312276583543,Low
A000381,W00408,T0117,58.33789227239214,Low
A000382,W00116,T0007,61.89028928547942,High
A000383,W00075,T0137,23.95467351976336,Medium
A000384,W00113,T0115,16.573107545999946,Low
A000385,W00456,T0176,81.51422274076981,Medium
A000386,W00420,T0072,63.97809015683882,Medium
A000387,W00422,T0059,24.37687250442069,Medium
A000388,W00104,T0082,19.509339284621674,Low
A000389,W00340,T0116,38.718711039785326,Low
A000390,W00254,T0167,61.849114493608404,High
A000391,W00227,T0146,18.97367003658458,Medium
A000392,W00112,T0187,12.686650214295668,High
A000393,W00473,T0103,29.225332996412433,High
A000394,W00099,T0017,27.319046955366176,High
A000395,W00153,T0014,89.37063553215022,Medium
A000396,W00349,T0159,8.99491664395292,Low
A000397,W00402,T0152,36.21165013272128,Low
A000398,W00384,T0108,27.769273383109912,Medium
A000399,W00366,T0188,81.54811624370888,High
A000400,W00338,T0045,19.39450603261689,Medium
A000401,W00194,T0098,48.0325664635479,Low
A000402,W00310,T0131,42.38127353898383,Low
A000403,W00163,T0037,36.35310289763969,Low
A000404,W00208,T0171,16.152928665494827,High
A000405,W00445,T0168,14.3852855998732,Low
A000406,W00169,T0183,23.05120903651294,Medium
A000407,W00484,T0108,29.22789817662081,Medium
A000408,W00161,T0039,2.2759312276583543,High
A000409,W00068,T0015,52.82402980143407,High
A000410,W00289,T0120,18.445711222712347,High
A000411,W00398,T0004,19.16355360757892,High
A000412,W00277,T0093,95.0,High
A000413,W00304,T0153,23.90169554355819,Medium
A000414,W00404,T0141,3.304519135713292,Medium
A000415,W00384,T0161,27.769273383109912,Low
A000416,W00392,T0016,60.383590910558624,High
A000417,W00135,T0170,18.87768993433683,Low
A000418,W00195,T0108,12.856457048938857,Medium
A000419,W00401,T0126,8.824366650361313,Medium
A000420,W00128,T0194,9.5044072065104,Medium
A000421,W00033,T0055,12.308714374462788,Medium
A000422,W00176,T0170,36.944144266542864,Low
A000423,W00460,T0034,25.46790559998506,High
A000424,W00443,T0158,24.63276078371974,High
A000425,W00371,T0013,12.91721606609298,Medium
A000426,W00470,T0141,9.36646746420605,Medium
A000427,W00375,T0018,35.54062716049036,Medium
A000428,W00022,T0160,17.802316584037307,Low
A000429,W00238,T0096,9.245066712143434,High
A000430,W00158,T0123,31.859365804277033,Low
A000431,W00038,T0039,32.03899699098959,High
A000432,W00230,T0046,36.714038272758124,High
A000433,W00365,T0029,82.39684969537566,High
A000434,W00051,T0190,9.467950725073937,Medium
A000435,W00438,T0062,54.67156501138087,High
A000436,W00264,T0185,0.34280424436471435,High
A000437,W00283,T0016,64.45750084856957,High
A000438,W00027,T0184,57.768027428700314,Medium
A000439,W00226,T0121,28.180872322162486,Low
A000440,W00277,T0010,95.0,High
A000441,W00286,T0158,6.982921422262727,Medium
A000442,W00097,T0153,0.4004787104854728,Medium
A000443,W00284,T0103,28.53932995688843,High
A000444,W00367,T0084,63.5085907198598,High
A000445,W00448,T0133,21.660969123018766,Medium
A000446,W00481,T0065,17.982890797747707,Low
A000447,W00453,T0177,44.14269079386702,Medium
A000448,W00317,T0003,23.05232504359833,Low
A000449,W00304,T0173,23.90169554355819,Low
A000450,W00147,T0142,15.839959358056241,Low
A000451,W00004,T0120,2.73337269289442,High
A000452,W00035,T0158,0.4575890154582112,Medium
A000453,W00192,T0068,6.484293969114681,Medium
A000454,W00049,T0146,8.936268793195573,Medium
A000455,W00017,T0190,15.333713830693611,Medium
A000456,W00172,T0037,21.317672035280225,Low
A000457,W00220,T0153,47.910840602438924,High
A000458,W00158,T0176,61.85936580427703,Medium
A000459,W00477,T0193,24.229692265664553,Medium
A000460,W00046,T0181,7.834078574479598,High
A000461,W00373,T0073,18.661253168054294,High
A000462,W00006,T0143,23.68242565760002,High
A000463,W00099,T0049,57.319046955366176,Medium
A000464,W00380,T0121,70.15178176006046,Low
A000465,W00233,T0088,36.17435258129565,Medium
A000466,W00037,T0196,7.313134323695877,Medium
A000467,W00280,T0140,71.87955808557857,Medium
A000468,W00349,T0187,8.99491664395292,High
A000469,W00497,T0037,41.10473360551074,Low
A000470,W00302,T0061,1.4960067591087807,Low
A000471,W00181,T0171,12.030877929876219,High
A000472,W00095,T0124,10.688547119588996,High
A000473,W00099,T0198,2.6809530446338243,Low
A000474,W00188,T0039,5.285628935252941,High
A000475,W00481,T0184,42.01710920225229,Low
A000476,W00116,T0063,1.8902892854794189,High
A000477,W00191,T0046,40.34226909687834,High
A000478,W00253,T0088,31.842860520477714,High
A000479,W00469,T0011,88.42750178229655,Medium
A000480,W00416,T0062,70.20202628255859,Medium
A000481,W00471,T0077,16.93694765756092,Low
A000482,W00161,T0153,27.724068772341646,Medium
A000483,W00256,T0199,9.711318155286122,High
A000484,W00323,T0052,60.30057365214946,High
A000485,W00128,T0004,20.4955927934896,High
A000486,W00018,T0059,57.412766881717715,High
A000487,W00281,T0072,32.756248227181956,Medium
A000488,W00490,T0148,14.144912908173751,High
A000489,W00223,T0093,49.064041307408026,High
A000490,W00054,T0063,19.082030981086454,High
A000491,W00058,T0054,12.514777689921587,High
A000492,W00323,T0117,60.30057365214946,Medium
A000493,W00360,T0110,47.901041334947685,High
A000494,W00174,T0074,3.262411629622001,Medium
A000495,W00280,T0107,71.87955808557857,Medium
A000496,W00114,T0057,1.620502111419455,High
A000497,W00288,T0169,40.367367613253954,Low
A000498,W00431,T0003,9.80911594674565,Low
A000499,W00342,T0120,43.501048712588286,High
A000500,W00151,T0006,19.964069317533365,Low
A000501,W00450,T0005,35.821549798572725,High
A000502,W00127,T0005,3.2897209420300015,High
A000503,W00155,T0054,16.101784556499304,High
A000504,W00490,T0047,14.144912908173751,Low
A000505,W00386,T0177,16.4894471131677,Medium
A000506,W00474,T0009,4.440536446626297,Low
A000507,W00273,T0099,6.805139634174054,Medium
A000508,W00104,T0020,40.490660715378326,Medium
A000509,W00417,T0122,30.89536876913182,Medium
A000510,W00393,T0061,18.41936767187616,Low
A000511,W00299,T0123,21.015053193644967,Medium
A000512,W00246,T0163,42.21531744259234,Medium
A000513,W00176,T0178,66.94414426654286,High
A000514,W00039,T0082,42.16265836588899,Low
A000515,W00477,T0062,35.77030773433545,Medium
A000516,W00170,T0145,31.870630255865223,Medium
A000517,W00247,T0003,17.0767994513631,Medium
A000518,W00026,T0160,1.629896438922053,Low
A000519,W00355,T0013,35.0,Medium
A000520,W00306,T0120,34.1347287130839,High
A000521,W00409,T0125,19.19470626040151,High
A000522,W00408,T0089,1.6621077276078609,Medium
A000523,W00013,T0073,23.52501595700312,High
A000524,W00316,T0068,39.976979274434285,Medium
A000525,W00391,T0142,32.28061687742681,Low
A000526,W00313,T0101,63.42617073934527,High
A000527,W00036,T0098,25.902598831339006,Low
A000528,W00173,T0011,52.01173676823375,Medium
A000529,W00020,T0105,89.31000196459732,Medium
A000530,W00321,T0184,58.30241333846912,Medium
A000531,W00264,T0067,60.342804244364714,High
A000532,W00494,T0123,29.756284800492224,Medium
A000533,W00400,T0029,61.76653080361364,Medium
A000534,W00142,T0137,49.947455652066374,High
A000535,W00460,T0195,25.46790559998506,Medium
A000536,W00371,T0153,42.917216066092976,Medium
A000537,W00471,T0076,46.93694765756092,Low
A000538,W00143,T0170,35.695554676589516,Medium
A000539,W00092,T0009,14.669613905448468,Low
A000540,W00354,T0040,3.2021243841939295,Medium
A000541,W00322,T0025,17.235136573027376,Medium
A000542,W00288,T0005,10.367367613253954,High
A000543,W00215,T0139,2.856150357500816,Low
A000544,W00447,T0187,3.193311031755421,High
A000545,W00342,T0124,13.501048712588286,High
A000546,W00051,T0038,9.467950725073937,Medium
A000547,W00153,T0072,89.37063553215022,High
A000548,W00186,T0133,3.4908243292527956,Low
A000549,W00063,T0176,63.300935912229754,Medium
A000550,W00190,T0090,38.90264062322022,Medium
A000551,W00125,T0146,14.777413314988635,Medium
A000552,W00150,T0198,19.750192169230566,Low
A000553,W00314,T0037,1.9838196034661308,Low
A000554,W00058,T0060,72.51477768992159,High
A000555,W00342,T0176,73.50104871258829,Medium
A000556,W00305,T0028,19.087359858772032,Medium
A000557,W00180,T0197,63.486256891030415,High
A000558,W00170,T0081,31.870630255865223,Medium
A000559,W00326,T0114,22.98158448133574,Low
A000560,W00271,T0040,40.795826023760114,Medium
A000561,W00054,T0045,19.082030981086454,Medium
A000562,W00491,T0062,40.998271366939676,High
A000563,W00444,T0093,78.58507494114559,High
A000564,W00101,T0115,11.61963619766285,Low
A000565,W00481,T0186,17.982890797747707,Medium
A000566,W00264,T0067,60.342804244364714,High
A000567,W00053,T0056,25.330855669287914,Medium
A000568,W00060,T0040,3.722048954422057,Medium
A000569,W00492,T0098,50.23060643889475,Medium
A000570,W00108,T0040,10.333605544131078,Medium
A000571,W00005,T0091,41.711123598973955,High
A000572,W00103,T0033,7.286250191065378,Low
A000573,W00196,T0006,5.231312138363897,Low
A000574,W00262,T0147,47.41097114243139,Low
A000575,W00365,T0080,52.39684969537566,High
A000576,W00480,T0168,6.257069362421134,Low
A000577,W00372,T0092,20.47261111022,Low
A000578,W00350,T0097,50.0553137689662,High
A000579,W00047,T0059,1.0973051171032466,Medium
A000580,W00355,T0059,65.0,Medium
A000581,W00311,T0048,1.9294750126734854,Low
A000582,W00424,T0169,48.089846932663505,Low
A000583,W00308,T0013,1.1154923670094945,Medium
A000584,W00144,T0107,80.18102990606965,High
A000585,W00269,T0045,14.1254738793344,Medium
A000586,W00370,T0089,2.9752973926719406,Medium
A000587,W00124,T0181,23.4455227059699,High
A000588,W00106,T0170,48.22038708166944,Low
A000589,W00158,T0100,61.85936580427703,Medium
A000590,W00147,T0191,14.160040641943759,Low
A000591,W00145,T0155,78.09965466001711,High
A000592,W00120,T0166,60.12590704380277,Medium
A000593,W00319,T0188,95.0,High
A000594,W00275,T0007,79.53284940888567,High
A000595,W00092,T0133,14.669613905448468,Low
A000596,W00058,T0045,12.514777689921587,Medium
A000597,W00439,T0058,8.813140112061035,High
A000598,W00346,T0031,82.90103047667728,Medium
A000599,W00229,T0023,24.44435664794784,Medium
A000600,W00474,T0170,34.4405364466263,Medium
A000601,W00117,T0138,45.29506587033136,High
A000602,W00318,T0160,29.740100228953338,Low
A000603,W00279,T0107,79.48975987255533,High
A000604,W00127,T0181,26.71027905797,High
A000605,W00393,T0158,11.58063232812384,Medium
A000606,W00396,T0039,11.132105568844,High
A000607,W00129,T0159,0.8939072653047617,Low
A000608,W00058,T0082,72.51477768992159,Low
A000609,W00122,T0100,61.714334380248175,Medium
A000610,W00001,T0002,84.46504793510749,High
A000611,W00239,T0077,24.47212250073507,Medium
A000612,W00290,T0012,22.94281782046356,High
A000613,W00096,T0039,9.196654001987405,High
A000614,W00126,T0194,6.848267005760363,Medium
A000615,W00118,T0013,10.030651015511971,Medium
A000616,W00048,T0046,4.906146457206262,High
A000617,W00089,T0155,73.6331374798702,Medium
A000618,W00488,T0113,64.36147367311992,Medium
A000619,W00237,T0017,43.30662727970571,Medium
A000620,W00373,T0104,41.338746831945706,Medium
A000621,W00385,T0098,52.66004546209417,Medium
A000622,W00272,T0188,54.086904578247164,High
A000623,W00189,T0192,13.350183310336554,Medium
A000624,W00487,T0088,33.480137026596765,Medium
A000625,W00192,T0109,6.484293969114681,Low
A000626,W00447,T0163,56.80668896824458,Medium
A000627,W00069,T0070,30.980590674125338,Medium
A000628,W00278,T0158,11.846331523824595,Medium
A000629,W00349,T0199,8.99491664395292,High
A000630,W00247,T0074,17.0767994513631,High
A000631,W00451,T0063,18.22309686200706,High
A000632,W00076,T0156,7.2604806715987,Medium
A000633,W00154,T0060,84.21074612911966,High
A000634,W00144,T0079,20.181029906069647,Low
A000635,W00435,T0037,65.0,Medium
A000636,W00485,T0022,25.312411433846655,High
A000637,W00086,T0196,56.72423317258989,Medium
A000638,W00185,T0148,19.346760037107224,High
A000639,W00285,T0096,31.001184437472993,High
A000640,W00462,T0068,30.515381065436912,Medium
A000641,W00220,T0192,47.910840602438924,High
A000642,W00069,T0017,30.980590674125338,High
A000643,W00047,T0012,31.097305117103247,High
A000644,W00497,T0150,41.10473360551074,Medium
A000645,W00094,T0145,12.80636489815194,Medium
A000646,W00238,T0138,39.245066712143434,Medium
A000647,W00446,T0118,93.66543961755303,Medium
A000648,W00500,T0193,23.23301747124771,High
A000649,W00453,T0022,14.142690793867015,High
A000650,W00204,T0120,14.261644115329915,High
A000651,W00400,T0050,31.76653080361364,Medium
A000652,W00218,T0014,62.78300348316394,Medium
A000653,W00474,T0192,34.4405364466263,High
A000654,W00432,T0175,11.257269326896314,Low
A000655,W00341,T0029,79.41006767419236,Medium
A000656,W00039,T0164,17.837341634111013,Low
A000657,W00100,T0180,21.482292645734937,Low
A000658,W00289,T0125,11.554288777287653,High
A000659,W00254,T0007,61.849114493608404,High
A000660,W00222,T0029,44.70371313215728,Medium
A000661,W00357,T0139,10.591644845740078,Low
A000662,W00023,T0033,17.943694150184246,Low
A000663,W00250,T0134,30.9496301264413,High
A000664,W00010,T0111,38.786960874361725,Medium
A000665,W00246,T0079,17.784682557407663,Low
A000666,W00325,T0160,4.025151990565263,Low
A000667,W00100,T0179,51.48229264573494,Low
A000668,W00290,T0058,7.05718217953644,High
A000669,W00180,T0026,33.486256891030415,High
A000670,W00223,T0174,19.064041307408026,High
A000671,W00394,T0029,63.54818295128302,High
A000672,W00250,T0004,30.9496301264413,High
A000673,W00147,T0099,14.160040641943759,Medium
A000674,W00442,T0141,6.663120129251304,Medium
A000675,W00096,T0039,9.196654001987405,High
A000676,W00257,T0015,53.55125196339709,High
A000677,W00325,T0119,4.025151990565263,High
A000678,W00493,T0029,72.95018334625522,Medium
A000679,W00004,T0157,32.73337269289442,High
A000680,W00016,T0075,23.330652990710284,High
A000681,W00280,T0116,41.87955808557857,Low
A000682,W00336,T0032,7.717621145449051,Low
A000683,W00247,T0130,17.0767994513631,Medium
A000684,W00258,T0175,8.411233274773664,Low
A000685,W00497,T0084,71.10473360551075,High
A000686,W00476,T0022,10.295701045641472,High
A000687,W00384,T0027,32.23072661689009,High
A000688,W00160,T0195,23.495690333780786,High
A000689,W00475,T0081,1.872840704206098,Medium
A000690,W00340,T0126,38.718711039785326,Medium
A000691,W00152,T0184,75.10433408571473,Medium
A000692,W00396,T0092,41.132105568844,Low
A000693,W00178,T0021,45.85205162109456,Medium
A000694,W00163,T0047,6.353102897639683,Low
A000695,W00380,T0101,70.15178176006046,Medium
A000696,W00033,T0187,12.308714374462788,High
A000697,W00417,T0084,30.89536876913182,High
A000698,W00445,T0006,15.6147144001268,Low
A000699,W00179,T0147,74.06000043948951,Medium
A000700,W00427,T0185,31.930298265405213,High
A000701,W00101,T0197,48.38036380233715,High
A000702,W00268,T0131,62.67763940791431,Medium
A000703,W00323,T0001,60.30057365214946,Medium
A000704,W00065,T0058,9.02574114498934,High
A000705,W00417,T0124,29.10463123086818,High
A000706,W00168,T0166,20.70350996190716,Medium
A000707,W00330,T0015,89.50570143988786,High
A000708,W00043,T0162,70.17531844886412,High
A000709,W00044,T0189,28.27953476196261,Low
A000710,W00285,T0163,91.00118443747299,High
A000711,W00397,T0064,4.479592105084421,Medium
A000712,W00012,T0025,42.4222969512989,Medium
A000713,W00095,T0024,40.688547119588996,High
A000714,W00302,T0012,28.50399324089122,High
A000715,W00386,T0018,16.4894471131677,Medium
A000716,W00253,T0015,61.842860520477714,High
A000717,W00499,T0027,40.67018011670635,High
A000718,W00242,T0072,28.830386739031084,Medium
A000719,W00035,T0060,60.45758901545821,High
A000720,W00215,T0174,27.143849642499184,High
A000721,W00337,T0145,44.35059651806678,Medium
A000722,W00090,T0093,61.98838718094386,High
A000723,W00264,T0053,30.342804244364714,High
A000724,W00093,T0008,35.05914871166005,Low
A000725,W00410,T0079,28.37665975019418,Medium
A000726,W00458,T0027,35.778810123466485,High
A000727,W00090,T0174,31.98838718094386,High
A000728,W00418,T0050,26.899906327883684,Medium
A000729,W00115,T0199,35.539333940123186,High
A000730,W00105,T0131,56.64126090653038,Low
A000731,W00391,T0093,62.28061687742681,High
A000732,W00196,T0192,24.768687861636103,Medium
A000733,W00314,T0172,1.9838196034661308,High
A000734,W00114,T0181,1.620502111419455,High
A000735,W00493,T0024,42.950183346255216,High
A000736,W00075,T0060,23.95467351976336,High
A000737,W00413,T0122,77.57203005776799,High
A000738,W00376,T0131,86.05826302642285,Medium
A000739,W00420,T0148,3.9780901568388174,High
A000740,W00217,T0046,28.458695797187538,High
A000741,W00277,T0015,95.0,High
A000742,W00249,T0153,25.33915684977655,High
A000743,W00164,T0199,13.537052414428238,High
A000744,W00394,T0017,33.54818295128302,Medium
A000745,W00357,T0126,19.408355154259922,Medium
A000746,W00457,T0084,38.56590131122621,High
A000747,W00408,T0009,1.6621077276078609,Low
A000748,W00192,T0166,66.48429396911467,High
A000749,W00227,T0176,41.02632996341542,Low
A000750,W00177,T0188,77.33668477713456,High
A000751,W00099,T0063,2.6809530446338243,High
A000752,W00496,T0117,54.88116162633779,Medium
A000753,W00036,T0130,4.097401168660994,Low
A000754,W00466,T0088,22.326024162375923,Medium
A000755,W00497,T0072,71.10473360551075,High
A000756,W00487,T0139,3.4801370265967684,Low
A000757,W00096,T0064,9.196654001987405,Medium
A000758,W00152,T0072,75.10433408571473,High
A000759,W00151,T0021,10.035930682466635,Medium
A000760,W00190,T0018,38.90264062322022,Medium
A000761,W00224,T0064,6.479797367673598,Medium
A000762,W00037,T0082,37.31313432369588,Low
A000763,W00268,T0110,62.67763940791431,High
A000764,W00369,T0095,5.263205097040931,Medium
A000765,W00183,T0166,80.75235520855942,High
A000766,W00013,T0032,53.52501595700312,Medium
A000767,W00279,T0011,79.48975987255533,Medium
A000768,W00217,T0045,1.5413042028124622,Medium
A000769,W00355,T0033,35.0,Low
A000770,W00361,T0102,22.4006966466726,High
A000771,W00286,T0169,66.98292142226273,Low
A000772,W00273,T0136,53.194860365825946,High
A000773,W00369,T0011,65.26320509704092,Medium
A000774,W00062,T0179,66.92540508772422,Low
A000775,W00084,T0088,7.869258416845625,Medium
A000776,W00368,T0041,62.76500406674808,High
A000777,W00217,T0145,28.458695797187538,Medium
A000778,W00342,T0076,73.50104871258829,Medium
A000779,W00397,T0121,64.47959210508442,Medium
A000780,W00187,T0046,39.3387465839615,High
A000781,W00019,T0160,6.456936351856214,Low
A000782,W00177,T0080,47.336684777134565,High
A000783,W00100,T0054,8.517707354265063,High
A000784,W00396,T0086,11.132105568844,High
A000785,W00445,T0092,14.3852855998732,Low
A000786,W00233,T0148,6.174352581295654,High
A000787,W00403,T0161,24.090183116172618,Low
A000788,W00076,T0168,37.2604806715987,Low
A000789,W00265,T0160,24.842650305161612,Low
A000790,W00455,T0097,65.02898568921877,Medium
A000791,W00284,T0002,58.53932995688843,High
A000792,W00206,T0033,15.000235290012668,Low
A000793,W00223,T0158,10.935958692591974,Medium
A000794,W00384,T0161,27.769273383109912,Low
A000795,W00052,T0077,44.12093811049728,Low
A000796,W00339,T0116,30.387511237093705,Medium
A000797,W00367,T0154,33.5085907198598,High
A000798,W00144,T0150,50.18102990606965,Medium
A000799,W00373,T0103,11.338746831945706,High
A000800,W00069,T0194,30.980590674125338,High
A000801,W00099,T0166,57.319046955366176,High
A000802,W00396,T0103,41.132105568844,High
A000803,W00025,T0090,39.473254838254064,Medium
A000804,W00436,T0174,35.27914491876317,High
A000805,W00379,T0122,62.80803517519082,Medium
A000806,W00469,T0143,58.42750178229655,High
A000807,W00484,T0106,89.22789817662081,Medium
A000808,W00053,T0119,25.330855669287914,High
A000809,W00151,T0172,10.035930682466635,High
A000810,W00144,T0049,80.18102990606965,Medium
A000811,W00057,T0104,68.56394112052607,Medium
A000812,W00039,T0061,12.162658365888987,Low
A000813,W00109,T0195,1.9164829953353006,Medium
A000814,W00181,T0123,12.030877929876219,Low
A000815,W00042,T0134,35.0,High
A000816,W00186,T0009,3.4908243292527956,Low
A000817,W00423,T0006,13.300781149328852,Low
A000818,W00398,T0073,19.16355360757892,High
A000819,W00223,T0103,19.064041307408026,High
A000820,W00122,T0160,31.714334380248175,Medium
A000821,W00133,T0041,48.38806035835917,High
A000822,W00163,T0114,6.353102897639683,Low
A000823,W00215,T0008,57.143849642499184,Low
A000824,W00221,T0072,41.54929268882142,Medium
A000825,W00235,T0178,72.04818769024979,High
A000826,W00331,T0092,21.745774421198988,Low
A000827,W00146,T0062,33.75442604339251,Medium
A000828,W00239,T0084,54.47212250073507,High
A000829,W00076,T0062,67.2604806715987,Medium
A000830,W00009,T0111,46.79304659728771,Medium
A000831,W00074,T0127,14.64656246380261,High
A000832,W00442,T0007,53.336879870748696,High
A000833,W00492,T0084,80.23060643889475,High
A000834,W00401,T0132,38.82436665036131,High
A000835,W00253,T0134,1.8428605204777142,High
A000836,W00230,T0058,36.714038272758124,High
A000837,W00007,T0022,23.063634791394875,High
A000838,W00174,T0154,33.262411629622,High
A000839,W00141,T0127,2.9735776454825427,High
A000840,W00168,T0003,39.29649003809284,Low
A000841,W00170,T0127,1.8706302558652226,High
A000842,W00393,T0041,48.41936767187616,High
A000843,W00434,T0188,26.337173597768512,High
A000844,W00283,T0106,64.45750084856957,Medium
A000845,W00122,T0014,61.714334380248175,Medium
A000846,W00194,T0012,18.0325664635479,High
A000847,W00005,T0087,71.71112359897396,Medium
A000848,W00029,T0012,4.971189357722309,High
A000849,W00165,T0141,7.19596156306838,Medium
A000850,W00422,T0025,24.37687250442069,Medium
A000851,W00339,T0045,0.3875112370937046,High
A000852,W00136,T0122,68.51188314633781,Medium
A000853,W00496,T0147,54.88116162633779,Medium
A000854,W00365,T0055,22.396849695375657,Medium
A000855,W00321,T0100,58.30241333846912,Medium
A000856,W00342,T0173,43.501048712588286,Low
A000857,W00500,T0136,83.2330174712477,High
A000858,W00145,T0119,48.09965466001711,High
A000859,W00327,T0053,24.323417365863712,High
A000860,W00217,T0183,1.5413042028124622,Medium
A000861,W00301,T0032,44.19660412153502,Low
A000862,W00132,T0051,53.99842429423966,High
A000863,W00292,T0044,81.9233921266096,Medium
A000864,W00070,T0082,79.81485698810975,Medium
A000865,W00252,T0198,3.4754994905854772,Low
A000866,W00415,T0146,1.9497768344391204,Medium
A000867,W00275,T0150,49.53284940888567,Medium
A000868,W00445,T0037,14.3852855998732,Low
A000869,W00364,T0096,9.322806982583558,High
A000870,W00182,T0056,38.264480027080026,Medium
A000871,W00167,T0105,36.70422911623156,Low
A000872,W00091,T0059,14.46978303153184,Medium
A000873,W00202,T0131,51.86228513918146,Medium
A000874,W00346,T0156,22.901030476677285,Medium
A000875,W00019,T0035,23.543063648143786,High
A000876,W00039,T0189,42.16265836588899,Low
A000877,W00126,T0093,36.84826700576036,High
A000878,W00451,T0182,11.776903137992939,Medium
A000879,W00173,T0191,7.988263231766247,Low
A000880,W00141,T0097,57.02642235451746,Medium
A000881,W00242,T0135,28.830386739031084,Low
A000882,W00220,T0076,77.91084060243892,Medium
A000883,W00126,T0049,36.84826700576036,Low
A000884,W00058,T0094,72.51477768992159,High
A000885,W00148,T0159,10.634432038373546,Low
A000886,W00476,T0186,10.295701045641472,Medium
A000887,W00456,T0189,81.51422274076981,Medium
A000888,W00317,T0024,6.94767495640167,High
A000889,W00383,T0148,11.777453056029724,High
A000890,W00361,T0037,7.5993033533274,Low
A000891,W00423,T0004,13.300781149328852,High
A000892,W00001,T0108,24.465047935107485,Medium
A000893,W00387,T0126,19.864059367585725,Medium
A000894,W00461,T0020,36.72574311579562,Medium
A000895,W00348,T0188,49.573275797783744,High
A000896,W00190,T0152,38.90264062322022,Low
A000897,W00191,T0050,40.34226909687834,Medium
A000898,W00369,T0177,35.26320509704093,Medium
A000899,W00409,T0179,79.19470626040152,Low
A000900,W00312,T0096,12.316215581570098,High
A000901,W00417,T0105,30.89536876913182,Low
A000902,W00422,T0164,5.623127495579311,Low
A000903,W00117,T0117,75.29506587033136,High
A000904,W00134,T0098,54.472663445681945,Low
A000905,W00058,T0066,12.514777689921587,Medium
A000906,W00044,T0079,31.72046523803739,Low
A000907,W00173,T0162,52.01173676823375,High
A000908,W00160,T0164,23.495690333780786,Medium
A000909,W00173,T0006,7.988263231766247,Low
A000910,W00317,T0039,23.05232504359833,High
A000911,W00303,T0170,28.733966531747072,Medium
A000912,W00149,T0115,13.121874577782027,Low
A000913,W00080,T0186,23.166496889515663,Medium
A000914,W00374,T0125,1.1532318612286545,High
A000915,W00213,T0012,3.4967644088616225,High
A000916,W00203,T0131,66.6519233474774,Low
A000917,W00252,T0018,33.47549949058548,Medium
A000918,W00229,T0040,24.44435664794784,Medium
A000919,W00164,T0021,43.53705241442824,Medium
A000920,W00227,T0143,11.02632996341542,High
A000921,W00147,T0099,14.160040641943759,Medium
A000922,W00020,T0026,59.31000196459731,High
A000923,W00441,T0008,47.487970686057395,Low
A000924,W00402,T0100,66.21165013272127,Medium
A000925,W00047,T0087,28.902694882896753,Low
A000926,W00233,T0042,66.17435258129565,Medium
A000927,W00305,T0172,19.087359858772032,High
A000928,W00014,T0014,55.95658960539051,Low
A000929,W00143,T0078,35.695554676589516,Medium
A000930,W00415,T0002,58.05022316556088,Medium
A000931,W00001,T0119,54.465047935107485,High
A000932,W00373,T0037,11.338746831945706,Medium
A000933,W00054,T0069,10.917969018913546,Medium
A000934,W00374,T0166,58.846768138771345,High
A000935,W00259,T0041,61.0894623436619,High
A000936,W00144,T0062,80.18102990606965,High
A000937,W00471,T0060,46.93694765756092,High
A000938,W00441,T0125,12.512029313942605,High
A000939,W00459,T0111,52.511741673828276,High
A000940,W00012,T0014,72.4222969512989,Medium
A000941,W00330,T0084,89.50570143988786,High
A000942,W00224,T0130,6.479797367673598,Low
A000943,W00272,T0070,24.086904578247164,Low
A000944,W00456,T0145,51.51422274076982,Medium
A000945,W00358,T0123,27.283102155276218,Low
A000946,W00460,T0089,25.46790559998506,Medium
A000947,W00408,T0028,28.33789227239214,Medium
A000948,W00156,T0066,1.1555511717227276,Medium
A000949,W00373,T0163,41.338746831945706,High
A000950,W00008,T0005,38.95096029217699,High
A000951,W00122,T0193,1.7143343802481752,Medium
A000952,W00348,T0168,19.573275797783744,Low
A000953,W00164,T0184,73.53705241442825,Medium
A000954,W00090,T0164,1.9883871809438602,Low
A000955,W00136,T0045,8.511883146337809,Medium
A000956,W00186,T0151,26.509175670747204,Medium
A000957,W00316,T0047,39.976979274434285,Low
A000958,W00178,T0031,75.85205162109456,Low
A000959,W00028,T0139,1.1340258657320632,Low
A000960,W00220,T0010,77.91084060243892,High
A000961,W00357,T0195,10.591644845740078,Medium
A000962,W00041,T0118,46.91450828557609,Medium
A000963,W00228,T0014,58.5276409730552,Low
A000964,W00192,T0080,36.48429396911468,High
A000965,W00411,T0093,66.07560198737214,High
A000966,W00447,T0010,56.80668896824458,High
A000967,W00145,T0076,78.09965466001711,Medium
A000968,W00201,T0094,40.86960956685967,High
A000969,W00417,T0105,30.89536876913182,Low
A000970,W00212,T0001,86.7548488436038,Medium
A000971,W00461,T0133,36.72574311579562,Low
A000972,W00220,T0020,17.910840602438924,Medium
A000973,W00240,T0008,95.0,Medium
A000974,W00413,T0171,47.57203005776798,High
A000975,W00397,T0001,64.47959210508442,Medium
A000976,W00046,T0057,7.834078574479598,High
A000977,W00035,T0064,0.4575890154582112,Medium
A000978,W00253,T0118,61.842860520477714,Medium
A000979,W00390,T0028,32.29056022287752,Medium
A000980,W00082,T0121,60.1376856319409,Medium
A000981,W00371,T0107,72.91721606609298,Medium
A000982,W00256,T0165,9.711318155286122,High
A000983,W00197,T0175,11.438635178291335,Low
A000984,W00303,T0165,1.2660334682529282,High
A000985,W00409,T0049,79.19470626040152,Low
A000986,W00450,T0120,35.821549798572725,High
A000987,W00010,T0044,68.78696087436172,Medium
A000988,W00312,T0056,42.3162155815701,Medium
A000989,W00286,T0156,6.982921422262727,Medium
A000990,W00242,T0111,1.1696132609689158,Medium
A000991,W00251,T0134,12.959276240264778,High
A000992,W00365,T0108,22.396849695375657,Medium
A000993,W00005,T0189,71.71112359897396,Medium
A000994,W00119,T0148,15.743354788607427,High
A000995,W00289,T0114,11.554288777287653,Low
A000996,W00374,T0078,28.846768138771345,Low
A000997,W00065,T0130,20.97425885501066,Low
A000998,W00146,T0037,3.754426043392513,Low
A000999,W00224,T0020,6.479797367673598,Medium
A001000,W00239,T0026,24.47212250073507,High
A001001,W00177,T0029,77.33668477713456,Medium
A001002,W00267,T0001,65.61580715805306,Medium
A001003,W00341,T0119,49.41006767419236,High
A001004,W00282,T0035,25.700222944915822,High
A001005,W00063,T0198,3.300935912229754,Low
A001006,W00217,T0059,28.458695797187538,Medium
A001007,W00342,T0069,43.501048712588286,Medium
A001008,W00315,T0161,1.1160786333350785,Low
A001009,W00283,T0179,64.45750084856957,Medium
A001010,W00177,T0012,17.336684777134565,High
A001011,W00461,T0020,36.72574311579562,Medium
A001012,W00417,T0181,29.10463123086818,High
A001013,W00098,T0043,4.127596767957769,Low
A001014,W00105,T0126,26.641260906530377,Medium
A001015,W00099,T0050,27.319046955366176,High
A001016,W00385,T0029,82.66004546209416,High
A001017,W00405,T0185,0.6626003745029578,High
A001018,W00496,T0039,5.118838373662207,High
A001019,W00311,T0184,61.929475012673485,Low
A001020,W00006,T0171,23.68242565760002,High
A001021,W00476,T0178,70.29570104564147,High
A001022,W00465,T0151,29.12445335038968,Medium
A001023,W00197,T0172,18.561364821708665,High
A001024,W00351,T0038,18.229737692446577,Medium
A001025,W00133,T0084,48.38806035835917,High
A001026,W00358,T0151,27.283102155276218,Medium
A001027,W00259,T0128,31.0894623436619,Low
A001028,W00437,T0126,18.534600637302766,Medium
A001029,W00023,T0045,17.943694150184246,Medium
A001030,W00485,T0052,85.31241143384665,High
A001031,W00053,T0080,25.330855669287914,High
A001032,W00165,T0178,52.80403843693162,High
A001033,W00202,T0124,8.13771486081854,High
A001034,W00458,T0119,5.778810123466485,High
A001035,W00083,T0008,94.50961439601141,Medium
A001036,W00145,T0085,78.09965466001711,High
A001037,W00085,T0129,19.837961910518843,Medium
A001038,W00078,T0008,47.013625562217086,Low
A001039,W00457,T0157,21.434098688773787,High
A001040,W00366,T0096,21.548116243708872,High
A001041,W00001,T0102,84.46504793510749,High
A001042,W00051,T0005,39.46795072507393,High
A001043,W00173,T0086,7.988263231766247,High
A001044,W00205,T0175,18.37929917666049,Low
A001045,W00260,T0034,13.642238603133599,High
A001046,W00446,T0193,33.66543961755303,Medium
A001047,W00449,T0055,23.927162983132426,Medium
A001048,W00369,T0119,35.26320509704093,High
A001049,W00488,T0171,34.361473673119924,High
A001050,W00288,T0158,19.632632386746046,Medium
A001051,W00034,T0114,19.660611139635115,Low
A001052,W00348,T0145,19.573275797783744,Medium
A001053,W00095,T0026,40.688547119588996,High
A001054,W00072,T0136,66.50655878228432,High
A001055,W00039,T0047,17.837341634111013,Low
A001056,W00154,T0113,84.21074612911966,High
A001057,W00250,T0076,90.94963012644129,Medium
A001058,W00162,T0072,59.32373472298472,Medium
A001059,W00438,T0089,5.328434988619129,Medium
A001060,W00118,T0046,40.03065101551197,High
A001061,W00259,T0196,31.0894623436619,Medium
A001062,W00379,T0033,2.808035175190817,Low
A001063,W00306,T0001,64.1347287130839,Low
A001064,W00268,T0147,62.67763940791431,Medium
A001065,W00449,T0031,83.92716298313243,Medium
A001066,W00054,T0142,10.917969018913546,Low
A001067,W00236,T0053,2.183775063067273,High
A001068,W00389,T0048,4.9859552078876135,Low
A001069,W00478,T0069,32.31932282936521,Medium
A001070,W00222,T0105,44.70371313215728,Low
A001071,W00251,T0090,17.040723759735222,Medium
A001072,W00313,T0190,3.4261707393452667,Medium
A001073,W00401,T0194,8.824366650361313,Medium
A001074,W00112,T0192,17.313349785704332,Medium
A001075,W00255,T0198,45.57240689993827,Low
A001076,W00303,T0063,1.2660334682529282,High
A001077,W00407,T0073,6.730314883652255,High
A001078,W00207,T0161,14.463747763899761,Low
A001079,W00229,T0169,84.44435664794784,Medium
A001080,W00341,T0089,19.410067674192362,Medium
A001081,W00398,T0176,40.83644639242108,Low
A001082,W00066,T0013,20.647955537342895,Medium
A001083,W00075,T0073,36.04532648023664,High
A001084,W00435,T0077,65.0,Medium
A001085,W00103,T0159,7.286250191065378,Low
A001086,W00422,T0068,5.623127495579311,Medium
A001087,W00192,T0098,36.48429396911468,Low
A001088,W00252,T0125,3.4754994905854772,High
A001089,W00226,T0102,28.180872322162486,High
A001090,W00294,T0132,31.385758217613358,Medium
A001091,W00306,T0102,64.1347287130839,High
A001092,W00098,T0019,4.127596767957769,High
A001093,W00338,T0198,19.39450603261689,Low
A001094,W00286,T0082,66.98292142226273,Low
A001095,W00335,T0141,12.691754470803673,Medium
A001096,W00347,T0023,15.169625715427792,Medium
A001097,W00435,T0083,95.0,High
A001098,W00447,T0109,3.193311031755421,Low
A001099,W00482,T0075,12.243375961169932,High
A001100,W00308,T0129,1.1154923670094945,Medium
A001101,W00249,T0088,25.33915684977655,High
A001102,W00166,T0054,16.059290158745938,High
A001103,W00481,T0199,17.982890797747707,High
A001104,W00472,T0089,21.74348550115902,Medium
A001105,W00335,T0143,17.308245529196327,High
A001106,W00030,T0065,0.7616359733685982,Low
A001107,W00247,T0076,77.0767994513631,Medium
A001108,W00106,T0199,18.220387081669443,High
A001109,W00051,T0143,39.46795072507393,High
A001110,W00081,T0149,7.478806429246077,Medium
A001111,W00133,T0147,48.38806035835917,Low
A001112,W00285,T0060,91.00118443747299,High
A001113,W00388,T0093,48.50239573030021,High
A001114,W00138,T0161,2.9216829683932986,Low
A001115,W00184,T0049,27.063790375246313,Low
A001116,W00401,T0035,21.175633349638687,High
A001117,W00330,T0172,59.50570143988786,High
A001118,W00273,T0102,53.194860365825946,High
A001119,W00340,T0011,68.71871103978532,Low
A001120,W00472,T0099,21.74348550115902,Medium
A001121,W00069,T0200,0.9805906741253381,Medium
A001122,W00034,T0110,40.339388860364885,High
A001123,W00262,T0074,12.589028857568607,Medium
A001124,W00053,T0194,25.330855669287914,Medium
A001125,W00450,T0174,35.821549798572725,High
A001126,W00205,T0009,18.37929917666049,Low
A001127,W00126,T0003,23.151732994239637,Low
A001128,W00235,T0085,72.04818769024979,High
A001129,W00043,T0026,40.17531844886412,High
A001130,W00240,T0072,95.0,High
A001131,W00459,T0048,22.511741673828276,Low
A001132,W00371,T0194,42.917216066092976,Medium
A001133,W00111,T0198,4.671960917288594,Low
A001134,W00249,T0156,4.6608431502234495,High
A001135,W00151,T0117,40.035930682466635,Low
A001136,W00183,T0154,50.75235520855942,High
A001137,W00336,T0153,7.717621145449051,Medium
A001138,W00095,T0012,10.688547119588996,High
A001139,W00459,T0133,22.511741673828276,Low
A001140,W00374,T0048,1.1532318612286545,Low
A001141,W00400,T0037,31.76653080361364,Low
A001142,W00008,T0044,68.95096029217699,Medium
A001143,W00388,T0015,48.50239573030021,Medium
A001144,W00360,T0043,17.901041334947685,Low
A001145,W00388,T0176,48.50239573030021,Low
A001146,W00184,T0087,27.063790375246313,Low
A001147,W00281,T0070,2.756248227181956,Low
A001148,W00195,T0046,17.143542951061143,High
A001149,W00352,T0108,28.04537086236641,Medium
A001150,W00195,T0123,17.143542951061143,Low
A001151,W00155,T0171,13.898215443500696,High
A001152,W00093,T0021,5.05914871166005,Medium
A001153,W00160,T0151,53.495690333780786,High
A001154,W00434,T0107,26.337173597768512,Medium
A001155,W00061,T0080,24.779083917141314,High
A001156,W00122,T0047,1.7143343802481752,Low
A001157,W00051,T0117,69.46795072507393,Low
A001158,W00403,T0124,24.090183116172618,High
A001159,W00277,T0143,65.0,High
A001160,W00005,T0025,41.711123598973955,Medium
A001161,W00466,T0036,52.32602416237592,High
A001162,W00092,T0051,74.66961390544847,Medium
A001163,W00170,T0015,61.87063025586522,Medium
A001164,W00317,T0068,23.05232504359833,Medium
A001165,W00022,T0021,17.802316584037307,Medium
A001166,W00405,T0141,0.6626003745029578,Medium
A001167,W00326,T0019,52.981584481335744,High
A001168,W00001,T0034,24.465047935107485,High
A001169,W00133,T0078,18.38806035835917,Low
A001170,W00233,T0125,6.174352581295654,High
A001171,W00012,T0196,42.4222969512989,Medium
A001172,W00346,T0117,82.90103047667728,Medium
A001173,W00046,T0052,67.8340785744796,High
A001174,W00034,T0027,40.339388860364885,High
A001175,W00433,T0157,1.915232116261926,High
A001176,W00078,T0156,12.986374437782914,Medium
A001177,W00218,T0035,2.783003483163938,Medium
A001178,W00301,T0136,74.19660412153502,Medium
A001179,W00411,T0144,66.07560198737214,Low
A001180,W00073,T0106,90.28511636667878,Medium
A001181,W00282,T0164,25.700222944915822,Medium
A001182,W00249,T0158,4.6608431502234495,High
A001183,W00047,T0146,31.097305117103247,Medium
A001184,W00121,T0002,48.44355946936955,High
A001185,W00214,T0177,33.83643545112599,Medium
A001186,W00239,T0077,24.47212250073507,Medium
A001187,W00056,T0132,68.0750696304697,High
A001188,W00350,T0090,20.0553137689662,High
A001189,W00107,T0089,3.4284490013359985,Medium
A001190,W00319,T0094,95.0,High
A001191,W00048,T0007,25.093853542793738,High
A001192,W00061,T0095,5.220916082858686,Medium
A001193,W00337,T0108,14.350596518066776,Medium
A001194,W00026,T0074,28.370103561077947,Medium
A001195,W00292,T0039,21.923392126609606,High
A001196,W00257,T0141,6.4487480366029075,Medium
A001197,W00008,T0159,8.950960292176987,Low
A001198,W00113,T0071,13.426892454000054,Medium
A001199,W00355,T0191,35.0,Low
A001200,W00253,T0056,31.842860520477714,High
A001201,W00180,T0170,33.486256891030415,Low
A001202,W00207,T0189,74.46374776389976,Low
A001203,W00303,T0042,58.73396653174707,High
A001204,W00127,T0184,33.28972094203,Low
A001205,W00056,T0036,68.0750696304697,High
A001206,W00214,T0084,63.83643545112599,High
A001207,W00014,T0196,25.956589605390512,Medium
A001208,W00474,T0118,64.4405364466263,Medium
A001209,W00028,T0007,58.86597413426794,High
A001210,W00471,T0054,13.063052342439079,High
A001211,W00078,T0129,12.986374437782914,Medium
A001212,W00216,T0172,17.4336058738062,High
A001213,W00386,T0120,16.4894471131677,High
A001214,W00365,T0173,52.39684969537566,Medium
A001215,W00154,T0106,84.21074612911966,Medium
A001216,W00014,T0047,4.043410394609488,Low
A001217,W00187,T0123,39.3387465839615,Medium
A001218,W00312,T0141,12.316215581570098,Medium
A001219,W00371,T0119,42.917216066092976,High
A001220,W00007,T0150,6.936365208605125,Medium
A001221,W00003,T0118,51.08572091660084,Medium
A001222,W00111,T0021,34.671960917288594,Medium
A001223,W00407,T0137,53.269685116347745,High
A001224,W00238,T0026,39.245066712143434,High
A001225,W00363,T0009,41.79982427886908,Low
A001226,W00239,T0015,54.47212250073507,High
A001227,W00493,T0010,72.95018334625522,High
A001228,W00274,T0122,27.732197405836615,Medium
A001229,W00294,T0121,31.385758217613358,Low
A001230,W00227,T0125,18.97367003658458,High
A001231,W00371,T0170,42.917216066092976,Low
A001232,W00015,T0072,76.7832642124594,High
A001233,W00192,T0152,36.48429396911468,Low
A001234,W00473,T0049,59.22533299641243,Low
A001235,W00119,T0154,14.256645211392573,High
A001236,W00485,T0091,55.312411433846655,High
A001237,W00028,T0037,28.865974134267937,Low
A001238,W00202,T0068,8.13771486081854,Medium
A001239,W00039,T0050,12.162658365888987,Medium
A001240,W00441,T0152,17.487970686057395,Low
A001241,W00273,T0019,23.194860365825946,High
A001242,W00231,T0100,41.3590565898423,Low
A001243,W00086,T0060,86.72423317258989,High
A001244,W00474,T0167,64.4405364466263,High
A001245,W00126,T0089,23.151732994239637,Medium
A001246,W00300,T0146,26.65166619173774,Medium
A001247,W00025,T0147,69.47325483825406,Low
A001248,W00145,T0164,18.099654660017105,Low
A001249,W00013,T0183,23.52501595700312,High
A001250,W00212,T0069,56.754848843603796,High
A001251,W00025,T0175,9.473254838254068,Low
A001252,W00068,T0049,52.82402980143407,Medium
A001253,W00394,T0108,3.5481829512830174,Medium
A001254,W00067,T0161,23.531396463221906,Medium
A001255,W00233,T0119,36.17435258129565,High
A001256,W00109,T0149,1.9164829953353006,Medium
A001257,W00146,T0150,3.754426043392513,Medium
A001258,W00111,T0176,64.6719609172886,Low
A001259,W00228,T0037,28.5276409730552,Low
A001260,W00111,T0143,34.671960917288594,High
A001261,W00470,T0163,69.36646746420605,High
A001262,W00034,T0199,19.660611139635115,High
A001263,W00111,T0160,34.671960917288594,Low
A001264,W00264,T0011,60.342804244364714,Medium
A001265,W00424,T0138,18.089846932663505,Medium
A001266,W00369,T0078,35.26320509704093,Low
A001267,W00236,T0077,2.183775063067273,Low
A001268,W00083,T0185,34.50961439601141,High
A001269,W00042,T0153,65.0,High
A001270,W00425,T0002,78.30889001172135,High
A001271,W00101,T0064,11.61963619766285,Medium
A001272,W00006,T0035,6.317574342399979,Medium
A001273,W00180,T0007,63.486256891030415,High
A001274,W00282,T0085,34.29977705508418,High
A001275,W00320,T0146,1.9113121432499653,Medium
A001276,W00226,T0067,28.180872322162486,Medium
A001277,W00443,T0042,84.63276078371973,High
A001278,W00440,T0118,71.00107935895235,Low
A001279,W00315,T0125,1.1160786333350785,High
A001280,W00365,T0167,82.39684969537566,High
A001281,W00454,T0169,48.501908702598854,Medium
A001282,W00229,T0024,54.44435664794784,High
A001283,W00377,T0188,65.94697570373607,High
A001284,W00289,T0046,18.445711222712347,High
A001285,W00437,T0019,18.534600637302766,High
A001286,W00150,T0068,19.750192169230566,Medium
A001287,W00277,T0102,95.0,High
A001288,W00198,T0042,24.573593410171313,Medium
A001289,W00070,T0032,49.81485698810975,Low
A001290,W00112,T0167,47.31334978570433,High
A001291,W00004,T0109,32.73337269289442,Low
A001292,W00350,T0036,50.0553137689662,High
A001293,W00331,T0097,51.74577442119899,Medium
A001294,W00446,T0164,33.66543961755303,Low
A001295,W00318,T0131,59.74010022895334,Low
A001296,W00350,T0073,9.9446862310338,High
A001297,W00095,T0136,70.688547119589,High
A001298,W00152,T0097,75.10433408571473,High
A001299,W00311,T0123,31.929475012673485,Low
A001300,W00137,T0070,39.10184648631547,Low
A001301,W00247,T0169,77.0767994513631,Medium
A001302,W00387,T0196,19.864059367585725,Medium
A001303,W00243,T0013,4.607542523603428,Medium
A001304,W00031,T0049,81.3722001355451,Medium
A001305,W00040,T0060,56.05016995402012,High
A001306,W00229,T0130,24.44435664794784,Low
A001307,W00036,T0188,55.902598831339006,High
A001308,W00408,T0005,28.33789227239214,High
A001309,W00223,T0172,19.064041307408026,High
A001310,W00006,T0027,53.68242565760002,High
A001311,W00322,T0160,17.235136573027376,Low
A001312,W00468,T0149,7.12675601347194,Medium
A001313,W00220,T0008,77.91084060243892,Medium
A001314,W00075,T0200,36.04532648023664,Medium
A001315,W00004,T0050,2.73337269289442,Medium
A001316,W00335,T0067,47.30824552919633,Medium
A001317,W00134,T0044,84.47266344568195,Medium
A001318,W00118,T0125,10.030651015511971,High
A001319,W00369,T0058,35.26320509704093,High
A001320,W00094,T0003,17.19363510184806,Low
A001321,W00486,T0086,5.496969301922924,High
A001322,W00435,T0070,65.0,Medium
A001323,W00062,T0130,6.9254050877242115,Low
A001324,W00441,T0172,17.487970686057395,High
A001325,W00194,T0002,78.03256646354791,Medium
A001326,W00335,T0102,47.30824552919633,High
A001327,W00203,T0035,6.651923347477414,Medium
A001328,W00392,T0098,30.383590910558624,Low
A001329,W00026,T0030,28.370103561077947,Medium
A001330,W00435,T0116,65.0,Medium
A001331,W00173,T0008,52.01173676823375,Medium
A001332,W00300,T0150,3.348333808262261,Medium
A001333,W00133,T0044,48.38806035835917,Low
A001334,W00326,T0186,22.98158448133574,Medium
A001335,W00410,T0036,31.62334024980582,High
A001336,W00118,T0197,70.03065101551198,High
A001337,W00324,T0077,16.249464002096225,Low
A001338,W00275,T0031,79.53284940888567,Medium
A001339,W00212,T0047,26.7548488436038,Low
A001340,W00225,T0055,3.1694782849858143,Medium
A001341,W00020,T0106,89.31000196459732,Medium
A001342,W00113,T0190,16.573107545999946,Medium
A001343,W00140,T0158,8.401913830164677,Medium
A001344,W00047,T0121,28.902694882896753,Low
A001345,W00001,T0055,24.465047935107485,Medium
A001346,W00090,T0144,61.98838718094386,Low
A001347,W00142,T0012,10.052544347933626,High
A001348,W00320,T0145,28.088687856750035,Medium
A001349,W00038,T0144,27.961003009010412,Low
A001350,W00293,T0140,45.62955656350097,Medium
A001351,W00382,T0136,56.55388644556173,High
A001352,W00139,T0003,14.501837916778765,Low
A001353,W00356,T0144,57.36873093593269,Low
A001354,W00333,T0030,4.775232439648342,Medium
A001355,W00491,T0023,19.001728633060324,Medium
A001356,W00259,T0092,31.0894623436619,Low
A001357,W00161,T0115,2.2759312276583543,Low
A001358,W00390,T0104,62.29056022287752,Medium
A001359,W00178,T0118,75.85205162109456,Low
A001360,W00010,T0005,38.786960874361725,High
A001361,W00261,T0104,16.15183522909213,Low
A001362,W00407,T0108,6.730314883652255,Medium
A001363,W00138,T0065,2.9216829683932986,Low
A001364,W00172,T0121,51.317672035280225,Medium
A001365,W00386,T0030,13.5105528868323,Medium
A001366,W00013,T0149,23.52501595700312,High
A001367,W00168,T0084,20.70350996190716,High
A001368,W00130,T0198,18.14773122063054,Low
A001369,W00084,T0150,7.869258416845625,Medium
A001370,W00321,T0200,1.6975866615308774,Medium
A001371,W00319,T0032,65.0,Medium
A001372,W00101,T0161,11.61963619766285,Low
A001373,W00329,T0016,40.44314579806784,High
A001374,W00273,T0038,6.805139634174054,Medium
A001375,W00265,T0142,24.842650305161612,Low
A001376,W00459,T0036,82.51174167382828,High
A001377,W00399,T0151,23.15867289898256,Medium
A001378,W00408,T0114,1.6621077276078609,Low
A001379,W00038,T0066,32.03899699098959,Medium
A001380,W00419,T0105,31.171847217271193,Low
A001381,W00094,T0085,42.80636489815194,High
A001382,W00095,T0002,70.688547119589,High
A001383,W00305,T0193,10.912640141227968,Medium
A001384,W00069,T0075,0.9805906741253381,High
A001385,W00318,T0067,59.74010022895334,Medium
A001386,W00444,T0180,48.585074941145585,Low
A001387,W00236,T0190,27.816224936932727,Medium
A001388,W00434,T0151,3.662826402231488,Medium
A001389,W00334,T0154,13.447389123917858,High
A001390,W00373,T0196,11.338746831945706,High
A001391,W00376,T0055,26.058263026422857,High
A001392,W00459,T0006,22.511741673828276,Low
A001393,W00137,T0163,69.10184648631548,High
A001394,W00418,T0150,26.899906327883684,Medium
A001395,W00076,T0171,37.2604806715987,High
A001396,W00483,T0143,18.198398840136228,High
A001397,W00035,T0086,0.4575890154582112,High
A001398,W00001,T0060,84.46504793510749,High
A001399,W00296,T0101,64.70100975870986,High
A001400,W00320,T0012,1.9113121432499653,High
A001401,W00406,T0049,54.512422545383274,Low
A001402,W00060,T0042,56.27795104557794,High
A001403,W00320,T0166,58.088687856750035,Medium
A001404,W00349,T0082,51.00508335604708,Low
A001405,W00328,T0173,14.59004381110902,Low
A001406,W00267,T0035,5.615807158053066,Medium
A001407,W00361,T0158,37.5993033533274,High
A001408,W00229,T0158,24.44435664794784,Medium
A001409,W00270,T0134,9.208406466450079,High
A001410,W00316,T0067,20.023020725565715,Medium
A001411,W00286,T0080,36.98292142226273,High
A001412,W00291,T0007,66.8087994416016,High
A001413,W00213,T0180,26.503235591138377,Low
A001414,W00165,T0014,52.80403843693162,Medium
A001415,W00005,T0073,11.711123598973955,High
A001416,W00339,T0143,30.387511237093705,High
A001417,W00379,T0149,2.808035175190817,Medium
A001418,W00078,T0163,47.013625562217086,Medium
A001419,W00410,T0066,28.37665975019418,High
A001420,W00062,T0091,36.925405087724215,High
A001421,W00132,T0130,6.001575705760338,Low
A001422,W00089,T0163,73.6331374798702,Medium
A001423,W00237,T0020,13.306627279705708,Medium
A001424,W00042,T0010,95.0,High
A001425,W00089,T0025,43.6331374798702,Medium
A001426,W00402,T0194,36.21165013272128,Medium
A001427,W00296,T0025,34.701009758709866,High
A001428,W00328,T0054,15.40995618889098,High
A001429,W00295,T0033,12.878747805508308,Low
A001430,W00104,T0164,40.490660715378326,Low
A001431,W00014,T0095,4.043410394609488,Medium
A001432,W00288,T0014,40.367367613253954,Low
A001433,W00179,T0065,14.060000439489514,Low
A001434,W00125,T0110,45.222586685011365,High
A001435,W00422,T0080,24.37687250442069,High
A001436,W00353,T0054,8.46520802552861,High
A001437,W00023,T0125,17.943694150184246,High
A001438,W00063,T0180,33.300935912229754,Medium
A001439,W00143,T0131,65.69555467658952,High
A001440,W00481,T0169,42.01710920225229,Low
A001441,W00153,T0134,29.370635532150217,High
A001442,W00145,T0025,48.09965466001711,Medium
A001443,W00225,T0141,3.1694782849858143,Medium
A001444,W00495,T0117,47.57691617665882,Medium
A001445,W00450,T0136,65.82154979857273,High
A001446,W00462,T0149,30.515381065436912,Medium
A001447,W00309,T0196,23.758831874169033,Medium
A001448,W00104,T0025,10.490660715378326,Medium
A001449,W00104,T0079,40.490660715378326,Low
A001450,W00435,T0068,35.0,Medium
A001451,W00039,T0173,12.162658365888987,Low
A001452,W00435,T0188,95.0,High
A001453,W00198,T0012,35.42640658982869,High
A001454,W00134,T0032,54.472663445681945,Low
A001455,W00067,T0128,53.53139646322191,Medium
A001456,W00391,T0096,2.2806168774268087,High
A001457,W00179,T0092,44.060000439489514,Low
A001458,W00456,T0141,21.514222740769817,Medium
A001459,W00042,T0031,95.0,High
A001460,W00448,T0078,51.660969123018766,Medium
A001461,W00500,T0020,23.23301747124771,High
A001462,W00015,T0146,16.7832642124594,Medium
A001463,W00111,T0060,64.6719609172886,High
A001464,W00157,T0191,5.03561997529814,Medium
A001465,W00289,T0134,11.554288777287653,High
A001466,W00500,T0160,53.233017471247706,Medium
A001467,W00478,T0093,62.31932282936521,High
A001468,W00231,T0043,11.359056589842297,Low
A001469,W00411,T0130,6.075601987372135,Low
A001470,W00420,T0060,63.97809015683882,High
A001471,W00157,T0151,35.03561997529814,High
A001472,W00038,T0031,27.961003009010412,Low
A001473,W00441,T0005,17.487970686057395,High
A001474,W00097,T0162,30.400478710485473,High
A001475,W00485,T0010,85.31241143384665,High
A001476,W00411,T0089,6.075601987372135,Medium
A001477,W00439,T0130,21.186859887938965,Low
A001478,W00289,T0126,18.445711222712347,Medium
A001479,W00254,T0011,61.849114493608404,Low
A001480,W00196,T0178,54.7686878616361,High
A001481,W00086,T0159,26.724233172589887,Low
A001482,W00322,T0056,17.235136573027376,Medium
A001483,W00010,T0083,68.78696087436172,High
A001484,W00005,T0137,71.71112359897396,High
A001485,W00123,T0099,28.443330407619754,Medium
A001486,W00330,T0149,29.50570143988786,Medium
A001487,W00353,T0073,8.46520802552861,High
A001488,W00118,T0156,10.030651015511971,Medium
A001489,W00294,T0190,28.614241782386642,Medium
A001490,W00397,T0115,4.479592105084421,Low
A001491,W00159,T0007,49.3552842182786,High
A001492,W00303,T0080,28.733966531747072,High
A001493,W00228,T0144,58.5276409730552,Low
A001494,W00365,T0097,82.39684969537566,High
A001495,W00216,T0004,12.5663941261938,High
A001496,W00436,T0004,5.279144918763173,High
A001497,W00184,T0103,2.936209624753687,High
A001498,W00015,T0040,16.7832642124594,Medium
A001499,W00157,T0017,35.03561997529814,High
A001500,W00136,T0101,68.51188314633781,Medium
